FCUserRun1_4,Logged In Successfully,684
FCUserRun1_5,Logged In Successfully,651
FCUserRun1_6,Logged In Successfully,679
FCUserRun1_7,Logged In Successfully,640
FCUserRun1_8,Logged In Successfully,664
FCUserRun1_9,Logged In Successfully,664
FCUserRun1_10,Logged In Successfully,670
FCUserRun1_11,Logged In Successfully,703
FCUserRun1_12,Logged In Successfully,658
FCUserRun1_13,Logged In Successfully,651
FCUserRun1_14,Logged In Successfully,669
FCUserRun1_15,Logged In Successfully,664
FCUserRun1_16,Logged In Successfully,689
FCUserRun1_17,Logged In Successfully,661
FCUserRun1_18,Logged In Successfully,679
FCUserRun1_19,Logged In Successfully,645
FCUserRun1_20,Logged In Successfully,668
FCUserRun1_21,Logged In Successfully,648
FCUserRun1_22,Logged In Successfully,680
FCUserRun1_23,Logged In Successfully,677
FCUserRun1_24,Logged In Successfully,671
FCUserRun1_25,Logged In Successfully,659
FCUserRun1_26,Logged In Successfully,680
FCUserRun1_27,Logged In Successfully,695
FCUserRun1_28,Logged In Successfully,719
FCUserRun1_29,Logged In Successfully,667
FCUserRun1_30,Logged In Successfully,651
FCUserRun1_31,Logged In Successfully,635
FCUserRun1_32,Logged In Successfully,678
FCUserRun1_33,Logged In Successfully,675
FCUserRun1_34,Logged In Successfully,659
FCUserRun1_35,Logged In Successfully,695
FCUserRun1_36,Logged In Successfully,626
FCUserRun1_37,Logged In Successfully,656
FCUserRun1_38,Logged In Successfully,620
FCUserRun1_39,Logged In Successfully,709
FCUserRun1_4,Already Have Withdraw Request,684
FCUserRun1_5,Already Have Withdraw Request,651
FCUserRun1_40,Logged In Successfully,695
FCUserRun1_41,Logged In Successfully,728
FCUserRun1_6,Already Have Withdraw Request,679
FCUserRun1_42,Logged In Successfully,635
FCUserRun1_7,Already Have Withdraw Request,640
FCUserRun1_43,Logged In Successfully,668
FCUserRun1_8,Already Have Withdraw Request,664
FCUserRun1_44,Logged In Successfully,646
FCUserRun1_9,Already Have Withdraw Request,664
FCUserRun1_45,Logged In Successfully,626
FCUserRun1_10,Already Have Withdraw Request,670
FCUserRun1_46,Logged In Successfully,653
FCUserRun1_11,Already Have Withdraw Request,703
FCUserRun1_47,Logged In Successfully,658
FCUserRun1_12,Already Have Withdraw Request,658
FCUserRun1_48,Logged In Successfully,649
FCUserRun1_13,Already Have Withdraw Request,651
FCUserRun1_49,Logged In Successfully,665
FCUserRun1_14,Already Have Withdraw Request,669
FCUserRun1_50,Logged In Successfully,663
FCUserRun1_15,Already Have Withdraw Request,664
FCUserRun1_51,Logged In Successfully,793
FCUserRun1_16,Already Have Withdraw Request,689
FCUserRun1_52,Logged In Successfully,687
FCUserRun1_17,Already Have Withdraw Request,661
FCUserRun1_53,Logged In Successfully,626
FCUserRun1_18,Already Have Withdraw Request,679
FCUserRun1_19,Already Have Withdraw Request,645
FCUserRun1_20,Already Have Withdraw Request,668
FCUserRun1_21,Already Have Withdraw Request,648
FCUserRun1_22,Already Have Withdraw Request,680
FCUserRun1_23,Already Have Withdraw Request,677
FCUserRun1_24,Already Have Withdraw Request,671
FCUserRun1_25,Already Have Withdraw Request,659
FCUserRun1_26,Already Have Withdraw Request,680
FCUserRun1_27,Already Have Withdraw Request,695
FCUserRun1_28,Already Have Withdraw Request,719
FCUserRun1_29,Already Have Withdraw Request,667
FCUserRun1_30,Already Have Withdraw Request,651
FCUserRun1_31,Already Have Withdraw Request,635
FCUserRun1_32,Already Have Withdraw Request,678
FCUserRun1_33,Already Have Withdraw Request,675
FCUserRun1_34,Already Have Withdraw Request,659
FCUserRun1_35,Already Have Withdraw Request,695
FCUserRun1_36,Already Have Withdraw Request,626
FCUserRun1_37,Already Have Withdraw Request,656
FCUserRun1_38,Already Have Withdraw Request,620
FCUserRun1_4,Already Have Withdraw Request,684
FCUserRun1_39,Already Have Withdraw Request,709
FCUserRun1_5,Already Have Withdraw Request,651
FCUserRun1_40,Already Have Withdraw Request,695
FCUserRun1_6,Already Have Withdraw Request,679
FCUserRun1_41,Already Have Withdraw Request,728
FCUserRun1_42,Already Have Withdraw Request,635
FCUserRun1_7,Already Have Withdraw Request,640
FCUserRun1_43,Already Have Withdraw Request,668
FCUserRun1_8,Already Have Withdraw Request,664
FCUserRun1_9,Already Have Withdraw Request,664
FCUserRun1_44,Already Have Withdraw Request,646
FCUserRun1_45,Already Have Withdraw Request,626
FCUserRun1_10,Already Have Withdraw Request,670
FCUserRun1_46,Already Have Withdraw Request,653
FCUserRun1_11,Already Have Withdraw Request,703
FCUserRun1_47,Already Have Withdraw Request,658
FCUserRun1_12,Already Have Withdraw Request,658
FCUserRun1_48,Already Have Withdraw Request,649
FCUserRun1_13,Already Have Withdraw Request,651
FCUserRun1_49,Already Have Withdraw Request,665
FCUserRun1_14,Already Have Withdraw Request,669
FCUserRun1_50,Already Have Withdraw Request,663
FCUserRun1_15,Already Have Withdraw Request,664
FCUserRun1_51,Already Have Withdraw Request,793
FCUserRun1_16,Already Have Withdraw Request,689
FCUserRun1_17,Already Have Withdraw Request,661
FCUserRun1_52,Already Have Withdraw Request,687
FCUserRun1_53,Already Have Withdraw Request,626
FCUserRun1_18,Already Have Withdraw Request,679
FCUserRun1_20,Already Have Withdraw Request,668
FCUserRun1_19,Already Have Withdraw Request,645
FCUserRun1_21,Already Have Withdraw Request,648
FCUserRun1_22,Already Have Withdraw Request,680
FCUserRun1_23,Already Have Withdraw Request,677
FCUserRun1_24,Already Have Withdraw Request,671
FCUserRun1_26,Already Have Withdraw Request,680
FCUserRun1_25,Already Have Withdraw Request,659
FCUserRun1_27,Already Have Withdraw Request,695
FCUserRun1_28,Already Have Withdraw Request,719
FCUserRun1_29,Already Have Withdraw Request,667
FCUserRun1_30,Already Have Withdraw Request,651
FCUserRun1_32,Already Have Withdraw Request,678
FCUserRun1_31,Already Have Withdraw Request,635
FCUserRun1_33,Already Have Withdraw Request,675
FCUserRun1_34,Already Have Withdraw Request,659
FCUserRun1_35,Already Have Withdraw Request,695
FCUserRun1_36,Already Have Withdraw Request,626
FCUserRun1_37,Already Have Withdraw Request,656
FCUserRun1_38,Already Have Withdraw Request,620
FCUserRun1_39,Already Have Withdraw Request,709
FCUserRun1_40,Already Have Withdraw Request,695
FCUserRun1_5,Already Have Withdraw Request,651
FCUserRun1_4,Already Have Withdraw Request,684
FCUserRun1_41,Already Have Withdraw Request,728
FCUserRun1_42,Already Have Withdraw Request,635
FCUserRun1_6,Already Have Withdraw Request,679
FCUserRun1_43,Already Have Withdraw Request,668
FCUserRun1_7,Already Have Withdraw Request,640
FCUserRun1_8,Already Have Withdraw Request,664
FCUserRun1_44,Already Have Withdraw Request,646
FCUserRun1_9,Already Have Withdraw Request,664
FCUserRun1_45,Already Have Withdraw Request,626
FCUserRun1_46,Already Have Withdraw Request,653
FCUserRun1_10,Already Have Withdraw Request,670
FCUserRun1_11,Already Have Withdraw Request,703
FCUserRun1_47,Already Have Withdraw Request,658
FCUserRun1_12,Already Have Withdraw Request,658
FCUserRun1_48,Already Have Withdraw Request,649
FCUserRun1_13,Already Have Withdraw Request,651
FCUserRun1_49,Already Have Withdraw Request,665
FCUserRun1_50,Already Have Withdraw Request,663
FCUserRun1_14,Already Have Withdraw Request,669
FCUserRun1_51,Already Have Withdraw Request,793
FCUserRun1_15,Already Have Withdraw Request,664
FCUserRun1_16,Already Have Withdraw Request,689
FCUserRun1_52,Already Have Withdraw Request,687
FCUserRun1_17,Already Have Withdraw Request,661
FCUserRun1_53,Already Have Withdraw Request,626
FCUserRun1_18,Already Have Withdraw Request,679
FCUserRun1_19,Already Have Withdraw Request,645
FCUserRun1_20,Already Have Withdraw Request,668
FCUserRun1_21,Already Have Withdraw Request,648
FCUserRun1_22,Already Have Withdraw Request,680
FCUserRun1_23,Already Have Withdraw Request,677
FCUserRun1_24,Already Have Withdraw Request,671
FCUserRun1_26,Already Have Withdraw Request,680
FCUserRun1_25,Already Have Withdraw Request,659
FCUserRun1_27,Already Have Withdraw Request,695
FCUserRun1_28,Already Have Withdraw Request,719
FCUserRun1_29,Already Have Withdraw Request,667
FCUserRun1_30,Already Have Withdraw Request,651
FCUserRun1_32,Already Have Withdraw Request,678
FCUserRun1_31,Already Have Withdraw Request,635
FCUserRun1_33,Already Have Withdraw Request,675
FCUserRun1_34,Already Have Withdraw Request,659
FCUserRun1_35,Already Have Withdraw Request,695
FCUserRun1_36,Already Have Withdraw Request,626
FCUserRun1_37,Already Have Withdraw Request,656
FCUserRun1_38,Already Have Withdraw Request,620
FCUserRun1_39,Already Have Withdraw Request,709
FCUserRun1_40,Already Have Withdraw Request,695
FCUserRun1_5,Already Have Withdraw Request,651
FCUserRun1_41,Already Have Withdraw Request,728
FCUserRun1_4,Already Have Withdraw Request,684
FCUserRun1_42,Already Have Withdraw Request,635
FCUserRun1_6,Already Have Withdraw Request,679
FCUserRun1_43,Already Have Withdraw Request,668
FCUserRun1_7,Already Have Withdraw Request,640
FCUserRun1_8,Already Have Withdraw Request,664
FCUserRun1_44,Already Have Withdraw Request,646
FCUserRun1_45,Already Have Withdraw Request,626
FCUserRun1_46,Already Have Withdraw Request,653
FCUserRun1_9,Already Have Withdraw Request,664
FCUserRun1_10,Already Have Withdraw Request,670
FCUserRun1_47,Already Have Withdraw Request,658
FCUserRun1_11,Already Have Withdraw Request,703
FCUserRun1_12,Already Have Withdraw Request,658
FCUserRun1_48,Already Have Withdraw Request,649
FCUserRun1_49,Already Have Withdraw Request,665
FCUserRun1_13,Already Have Withdraw Request,651
FCUserRun1_50,Already Have Withdraw Request,663
FCUserRun1_51,Already Have Withdraw Request,793
FCUserRun1_14,Already Have Withdraw Request,669
FCUserRun1_16,Already Have Withdraw Request,689
FCUserRun1_52,Already Have Withdraw Request,687
FCUserRun1_53,Already Have Withdraw Request,626
FCUserRun1_17,Already Have Withdraw Request,661
FCUserRun1_15,Already Have Withdraw Request,664
FCUserRun1_18,Already Have Withdraw Request,679
FCUserRun1_19,Already Have Withdraw Request,645
FCUserRun1_20,Already Have Withdraw Request,668
FCUserRun1_21,Already Have Withdraw Request,648
FCUserRun1_22,Already Have Withdraw Request,680
FCUserRun1_23,Already Have Withdraw Request,677
FCUserRun1_24,Already Have Withdraw Request,671
FCUserRun1_26,Already Have Withdraw Request,680
FCUserRun1_25,Already Have Withdraw Request,659
FCUserRun1_28,Already Have Withdraw Request,719
FCUserRun1_29,Already Have Withdraw Request,667
FCUserRun1_27,Already Have Withdraw Request,695
FCUserRun1_30,Already Have Withdraw Request,651
FCUserRun1_31,Already Have Withdraw Request,635
FCUserRun1_32,Already Have Withdraw Request,678
FCUserRun1_33,Already Have Withdraw Request,675
FCUserRun1_34,Already Have Withdraw Request,659
FCUserRun1_35,Already Have Withdraw Request,695
FCUserRun1_36,Already Have Withdraw Request,626
FCUserRun1_37,Already Have Withdraw Request,656
FCUserRun1_38,Already Have Withdraw Request,620
FCUserRun1_39,Already Have Withdraw Request,709
FCUserRun1_40,Already Have Withdraw Request,695
FCUserRun1_41,Already Have Withdraw Request,728
FCUserRun1_42,Already Have Withdraw Request,635
FCUserRun1_4,Already Have Withdraw Request,684
FCUserRun1_5,Already Have Withdraw Request,651
FCUserRun1_6,Already Have Withdraw Request,679
FCUserRun1_7,Already Have Withdraw Request,640
FCUserRun1_8,Already Have Withdraw Request,664
FCUserRun1_43,Already Have Withdraw Request,668
FCUserRun1_44,Already Have Withdraw Request,646
FCUserRun1_45,Already Have Withdraw Request,626
FCUserRun1_9,Already Have Withdraw Request,664
FCUserRun1_46,Already Have Withdraw Request,653
FCUserRun1_10,Already Have Withdraw Request,670
FCUserRun1_47,Already Have Withdraw Request,658
FCUserRun1_11,Already Have Withdraw Request,703
FCUserRun1_48,Already Have Withdraw Request,649
FCUserRun1_12,Already Have Withdraw Request,658
FCUserRun1_49,Already Have Withdraw Request,665
FCUserRun1_13,Already Have Withdraw Request,651
FCUserRun1_50,Already Have Withdraw Request,663
FCUserRun1_14,Already Have Withdraw Request,669
FCUserRun1_51,Already Have Withdraw Request,793
FCUserRun1_16,Already Have Withdraw Request,689
FCUserRun1_52,Already Have Withdraw Request,687
FCUserRun1_15,Already Have Withdraw Request,664
FCUserRun1_53,Already Have Withdraw Request,626
FCUserRun1_18,Already Have Withdraw Request,679
FCUserRun1_17,Already Have Withdraw Request,661
FCUserRun1_19,Already Have Withdraw Request,645
FCUserRun1_20,Already Have Withdraw Request,668
FCUserRun1_21,Already Have Withdraw Request,648
FCUserRun1_22,Already Have Withdraw Request,680
FCUserRun1_23,Already Have Withdraw Request,677
FCUserRun1_24,Already Have Withdraw Request,671
FCUserRun1_26,Already Have Withdraw Request,680
FCUserRun1_25,Already Have Withdraw Request,659
FCUserRun1_28,Already Have Withdraw Request,719
FCUserRun1_29,Already Have Withdraw Request,667
FCUserRun1_27,Already Have Withdraw Request,695
FCUserRun1_30,Already Have Withdraw Request,651
FCUserRun1_31,Already Have Withdraw Request,635
FCUserRun1_32,Already Have Withdraw Request,678
FCUserRun1_33,Already Have Withdraw Request,675
FCUserRun1_34,Already Have Withdraw Request,659
FCUserRun1_35,Already Have Withdraw Request,695
FCUserRun1_36,Already Have Withdraw Request,626
FCUserRun1_37,Already Have Withdraw Request,656
FCUserRun1_38,Already Have Withdraw Request,620
FCUserRun1_40,Already Have Withdraw Request,695
FCUserRun1_39,Already Have Withdraw Request,709
FCUserRun1_42,Already Have Withdraw Request,635
FCUserRun1_5,Already Have Withdraw Request,651
FCUserRun1_4,Already Have Withdraw Request,684
FCUserRun1_6,Already Have Withdraw Request,679
FCUserRun1_41,Already Have Withdraw Request,728
FCUserRun1_45,Already Have Withdraw Request,626
FCUserRun1_44,Already Have Withdraw Request,646
FCUserRun1_46,Already Have Withdraw Request,653
FCUserRun1_9,Already Have Withdraw Request,664
FCUserRun1_8,Already Have Withdraw Request,664
FCUserRun1_43,Already Have Withdraw Request,668
FCUserRun1_7,Already Have Withdraw Request,640
FCUserRun1_10,Already Have Withdraw Request,670
FCUserRun1_47,Already Have Withdraw Request,658
FCUserRun1_48,Already Have Withdraw Request,649
FCUserRun1_49,Already Have Withdraw Request,665
FCUserRun1_11,Already Have Withdraw Request,703
FCUserRun1_12,Already Have Withdraw Request,658
FCUserRun1_13,Already Have Withdraw Request,651
FCUserRun1_50,Already Have Withdraw Request,663
FCUserRun1_14,Already Have Withdraw Request,669
FCUserRun1_51,Already Have Withdraw Request,793
FCUserRun1_16,Already Have Withdraw Request,689
FCUserRun1_52,Already Have Withdraw Request,687
FCUserRun1_53,Already Have Withdraw Request,626
FCUserRun1_15,Already Have Withdraw Request,664
FCUserRun1_18,Already Have Withdraw Request,679
FCUserRun1_17,Already Have Withdraw Request,661
FCUserRun1_19,Already Have Withdraw Request,645
FCUserRun1_20,Already Have Withdraw Request,668
FCUserRun1_21,Already Have Withdraw Request,648
FCUserRun1_22,Already Have Withdraw Request,680
FCUserRun1_23,Already Have Withdraw Request,677
FCUserRun1_24,Already Have Withdraw Request,671
FCUserRun1_25,Already Have Withdraw Request,659
FCUserRun1_26,Already Have Withdraw Request,680
FCUserRun1_28,Already Have Withdraw Request,719
FCUserRun1_29,Already Have Withdraw Request,667
FCUserRun1_27,Already Have Withdraw Request,695
FCUserRun1_30,Already Have Withdraw Request,651
FCUserRun1_31,Already Have Withdraw Request,635
FCUserRun1_32,Already Have Withdraw Request,678
FCUserRun1_33,Already Have Withdraw Request,675
FCUserRun1_34,Already Have Withdraw Request,659
FCUserRun1_35,Already Have Withdraw Request,695
